Subject,Start Date,Start Time,End Date,End Time,All Day Event,Description,Location,Private
Sunrise,2015-01-01,08:08:09 AM,2015-01-01,08:38:09 AM,False,Sunrise Calendar,Spanish Banks Vancouver BC V6T,False
Sunrise,2015-01-02,08:08:05 AM,2015-01-02,08:38:05 AM,False,Sunrise Calendar,Spanish Banks Vancouver BC V6T,False
Sunrise,2015-01-03,08:07:58 AM,2015-01-03,08:37:58 AM,False,Sunrise Calendar,Spanish Banks Vancouver BC V6T,False
Sunrise,2015-01-04,08:07:48 AM,2015-01-04,08:37:48 AM,False,Sunrise Calendar,Spanish Banks Vancouver BC V6T,False
Sunrise,2015-01-05,08:07:35 AM,2015-01-05,08:37:35 AM,False,Sunrise Calendar,Spanish Banks Vancouver BC V6T,False
Sunrise,2015-01-06,08:07:18 AM,2015-01-06,08:37:18 AM,False,Sunrise Calendar,Spanish Banks Vancouver BC V6T,False
Sunrise,2015-01-07,08:06:59 AM,2015-01-07,08:36:59 AM,False,Sunrise Calendar,Spanish Banks Vancouver BC V6T,False
Sunrise,2015-01-08,08:06:37 AM,2015-01-08,08:36:37 AM,False,Sunrise Calendar,Spanish Banks Vancouver BC V6T,False
Sunrise,2015-01-09,08:06:11 AM,2015-01-09,08:36:11 AM,False,Sunrise Calendar,Spanish Banks Vancouver BC V6T,False
Sunrise,2015-01-10,08:05:43 AM,2015-01-10,08:35:43 AM,False,Sunrise Calendar,Spanish Banks Vancouver BC V6T,False
Sunrise,2015-01-11,08:05:12 AM,2015-01-11,08:35:12 AM,False,Sunrise Calendar,Spanish Banks Vancouver BC V6T,False
Sunrise,2015-01-12,08:04:38 AM,2015-01-12,08:34:38 AM,False,Sunrise Calendar,Spanish Banks Vancouver BC V6T,False
Sunrise,2015-01-13,08:04:01 AM,2015-01-13,08:34:01 AM,False,Sunrise Calendar,Spanish Banks Vancouver BC V6T,False
Sunrise,2015-01-14,08:03:22 AM,2015-01-14,08:33:22 AM,False,Sunrise Calendar,Spanish Banks Vancouver BC V6T,False
Sunrise,2015-01-15,08:02:40 AM,2015-01-15,08:32:40 AM,False,Sunrise Calendar,Spanish Banks Vancouver BC V6T,False
Sunrise,2015-01-16,08:01:55 AM,2015-01-16,08:31:55 AM,False,Sunrise Calendar,Spanish Banks Vancouver BC V6T,False
Sunrise,2015-01-17,08:01:07 AM,2015-01-17,08:31:07 AM,False,Sunrise Calendar,Spanish Banks Vancouver BC V6T,False
Sunrise,2015-01-18,08:00:16 AM,2015-01-18,08:30:16 AM,False,Sunrise Calendar,Spanish Banks Vancouver BC V6T,False
Sunrise,2015-01-19,07:59:23 AM,2015-01-19,08:29:23 AM,False,Sunrise Calendar,Spanish Banks Vancouver BC V6T,False
Sunrise,2015-01-20,07:58:28 AM,2015-01-20,08:28:28 AM,False,Sunrise Calendar,Spanish Banks Vancouver BC V6T,False
Sunrise,2015-01-21,07:57:30 AM,2015-01-21,08:27:30 AM,False,Sunrise Calendar,Spanish Banks Vancouver BC V6T,False
Sunrise,2015-01-22,07:56:29 AM,2015-01-22,08:26:29 AM,False,Sunrise Calendar,Spanish Banks Vancouver BC V6T,False
Sunrise,2015-01-23,07:55:26 AM,2015-01-23,08:25:26 AM,False,Sunrise Calendar,Spanish Banks Vancouver BC V6T,False
Sunrise,2015-01-24,07:54:21 AM,2015-01-24,08:24:21 AM,False,Sunrise Calendar,Spanish Banks Vancouver BC V6T,False
Sunrise,2015-01-25,07:53:14 AM,2015-01-25,08:23:14 AM,False,Sunrise Calendar,Spanish Banks Vancouver BC V6T,False
Sunrise,2015-01-26,07:52:04 AM,2015-01-26,08:22:04 AM,False,Sunrise Calendar,Spanish Banks Vancouver BC V6T,False
Sunrise,2015-01-27,07:50:51 AM,2015-01-27,08:20:51 AM,False,Sunrise Calendar,Spanish Banks Vancouver BC V6T,False
Sunrise,2015-01-28,07:49:37 AM,2015-01-28,08:19:37 AM,False,Sunrise Calendar,Spanish Banks Vancouver BC V6T,False
Sunrise,2015-01-29,07:48:21 AM,2015-01-29,08:18:21 AM,False,Sunrise Calendar,Spanish Banks Vancouver BC V6T,False
Sunrise,2015-01-30,07:47:02 AM,2015-01-30,08:17:02 AM,False,Sunrise Calendar,Spanish Banks Vancouver BC V6T,False
Sunrise,2015-01-31,07:45:42 AM,2015-01-31,08:15:42 AM,False,Sunrise Calendar,Spanish Banks Vancouver BC V6T,False
Sunrise,2015-02-01,07:44:19 AM,2015-02-01,08:14:19 AM,False,Sunrise Calendar,Spanish Banks Vancouver BC V6T,False
Sunrise,2015-02-02,07:42:54 AM,2015-02-02,08:12:54 AM,False,Sunrise Calendar,Spanish Banks Vancouver BC V6T,False
Sunrise,2015-02-03,07:41:28 AM,2015-02-03,08:11:28 AM,False,Sunrise Calendar,Spanish Banks Vancouver BC V6T,False
Sunrise,2015-02-04,07:40:00 AM,2015-02-04,08:10:00 AM,False,Sunrise Calendar,Spanish Banks Vancouver BC V6T,False
Sunrise,2015-02-05,07:38:30 AM,2015-02-05,08:08:30 AM,False,Sunrise Calendar,Spanish Banks Vancouver BC V6T,False
Sunrise,2015-02-06,07:36:58 AM,2015-02-06,08:06:58 AM,False,Sunrise Calendar,Spanish Banks Vancouver BC V6T,False
Sunrise,2015-02-07,07:35:25 AM,2015-02-07,08:05:25 AM,False,Sunrise Calendar,Spanish Banks Vancouver BC V6T,False
Sunrise,2015-02-08,07:33:49 AM,2015-02-08,08:03:49 AM,False,Sunrise Calendar,Spanish Banks Vancouver BC V6T,False
Sunrise,2015-02-09,07:32:13 AM,2015-02-09,08:02:13 AM,False,Sunrise Calendar,Spanish Banks Vancouver BC V6T,False
Sunrise,2015-02-10,07:30:34 AM,2015-02-10,08:00:34 AM,False,Sunrise Calendar,Spanish Banks Vancouver BC V6T,False
Sunrise,2015-02-11,07:28:55 AM,2015-02-11,07:58:55 AM,False,Sunrise Calendar,Spanish Banks Vancouver BC V6T,False
Sunrise,2015-02-12,07:27:13 AM,2015-02-12,07:57:13 AM,False,Sunrise Calendar,Spanish Banks Vancouver BC V6T,False
Sunrise,2015-02-13,07:25:31 AM,2015-02-13,07:55:31 AM,False,Sunrise Calendar,Spanish Banks Vancouver BC V6T,False
Sunrise,2015-02-14,07:23:47 AM,2015-02-14,07:53:47 AM,False,Sunrise Calendar,Spanish Banks Vancouver BC V6T,False
Sunrise,2015-02-15,07:22:01 AM,2015-02-15,07:52:01 AM,False,Sunrise Calendar,Spanish Banks Vancouver BC V6T,False
Sunrise,2015-02-16,07:20:15 AM,2015-02-16,07:50:15 AM,False,Sunrise Calendar,Spanish Banks Vancouver BC V6T,False
Sunrise,2015-02-17,07:18:27 AM,2015-02-17,07:48:27 AM,False,Sunrise Calendar,Spanish Banks Vancouver BC V6T,False
Sunrise,2015-02-18,07:16:37 AM,2015-02-18,07:46:37 AM,False,Sunrise Calendar,Spanish Banks Vancouver BC V6T,False
Sunrise,2015-02-19,07:14:47 AM,2015-02-19,07:44:47 AM,False,Sunrise Calendar,Spanish Banks Vancouver BC V6T,False
Sunrise,2015-02-20,07:12:56 AM,2015-02-20,07:42:56 AM,False,Sunrise Calendar,Spanish Banks Vancouver BC V6T,False
Sunrise,2015-02-21,07:11:03 AM,2015-02-21,07:41:03 AM,False,Sunrise Calendar,Spanish Banks Vancouver BC V6T,False
Sunrise,2015-02-22,07:09:10 AM,2015-02-22,07:39:10 AM,False,Sunrise Calendar,Spanish Banks Vancouver BC V6T,False
Sunrise,2015-02-23,07:07:15 AM,2015-02-23,07:37:15 AM,False,Sunrise Calendar,Spanish Banks Vancouver BC V6T,False
Sunrise,2015-02-24,07:05:20 AM,2015-02-24,07:35:20 AM,False,Sunrise Calendar,Spanish Banks Vancouver BC V6T,False
Sunrise,2015-02-25,07:03:23 AM,2015-02-25,07:33:23 AM,False,Sunrise Calendar,Spanish Banks Vancouver BC V6T,False
Sunrise,2015-02-26,07:01:26 AM,2015-02-26,07:31:26 AM,False,Sunrise Calendar,Spanish Banks Vancouver BC V6T,False
Sunrise,2015-02-27,06:59:28 AM,2015-02-27,07:29:28 AM,False,Sunrise Calendar,Spanish Banks Vancouver BC V6T,False
Sunrise,2015-02-28,06:57:29 AM,2015-02-28,07:27:29 AM,False,Sunrise Calendar,Spanish Banks Vancouver BC V6T,False
Sunrise,2015-03-01,06:55:29 AM,2015-03-01,07:25:29 AM,False,Sunrise Calendar,Spanish Banks Vancouver BC V6T,False
Sunrise,2015-03-02,06:53:29 AM,2015-03-02,07:23:29 AM,False,Sunrise Calendar,Spanish Banks Vancouver BC V6T,False
Sunrise,2015-03-03,06:51:28 AM,2015-03-03,07:21:28 AM,False,Sunrise Calendar,Spanish Banks Vancouver BC V6T,False
Sunrise,2015-03-04,06:49:26 AM,2015-03-04,07:19:26 AM,False,Sunrise Calendar,Spanish Banks Vancouver BC V6T,False
Sunrise,2015-03-05,06:47:23 AM,2015-03-05,07:17:23 AM,False,Sunrise Calendar,Spanish Banks Vancouver BC V6T,False
Sunrise,2015-03-06,06:45:20 AM,2015-03-06,07:15:20 AM,False,Sunrise Calendar,Spanish Banks Vancouver BC V6T,False
Sunrise,2015-03-07,06:43:17 AM,2015-03-07,07:13:17 AM,False,Sunrise Calendar,Spanish Banks Vancouver BC V6T,False
Sunrise,2015-03-08,07:41:13 AM,2015-03-08,08:11:13 AM,False,Sunrise Calendar,Spanish Banks Vancouver BC V6T,False
Sunrise,2015-03-09,07:39:08 AM,2015-03-09,08:09:08 AM,False,Sunrise Calendar,Spanish Banks Vancouver BC V6T,False
Sunrise,2015-03-10,07:37:03 AM,2015-03-10,08:07:03 AM,False,Sunrise Calendar,Spanish Banks Vancouver BC V6T,False
Sunrise,2015-03-11,07:34:58 AM,2015-03-11,08:04:58 AM,False,Sunrise Calendar,Spanish Banks Vancouver BC V6T,False
Sunrise,2015-03-12,07:32:52 AM,2015-03-12,08:02:52 AM,False,Sunrise Calendar,Spanish Banks Vancouver BC V6T,False
Sunrise,2015-03-13,07:30:46 AM,2015-03-13,08:00:46 AM,False,Sunrise Calendar,Spanish Banks Vancouver BC V6T,False
Sunrise,2015-03-14,07:28:40 AM,2015-03-14,07:58:40 AM,False,Sunrise Calendar,Spanish Banks Vancouver BC V6T,False
Sunrise,2015-03-15,07:26:33 AM,2015-03-15,07:56:33 AM,False,Sunrise Calendar,Spanish Banks Vancouver BC V6T,False
Sunrise,2015-03-16,07:24:26 AM,2015-03-16,07:54:26 AM,False,Sunrise Calendar,Spanish Banks Vancouver BC V6T,False
Sunrise,2015-03-17,07:22:19 AM,2015-03-17,07:52:19 AM,False,Sunrise Calendar,Spanish Banks Vancouver BC V6T,False
Sunrise,2015-03-18,07:20:11 AM,2015-03-18,07:50:11 AM,False,Sunrise Calendar,Spanish Banks Vancouver BC V6T,False
Sunrise,2015-03-19,07:18:04 AM,2015-03-19,07:48:04 AM,False,Sunrise Calendar,Spanish Banks Vancouver BC V6T,False
Sunrise,2015-03-20,07:15:56 AM,2015-03-20,07:45:56 AM,False,Sunrise Calendar,Spanish Banks Vancouver BC V6T,False
Sunrise,2015-03-21,07:13:48 AM,2015-03-21,07:43:48 AM,False,Sunrise Calendar,Spanish Banks Vancouver BC V6T,False
Sunrise,2015-03-22,07:11:40 AM,2015-03-22,07:41:40 AM,False,Sunrise Calendar,Spanish Banks Vancouver BC V6T,False
Sunrise,2015-03-23,07:09:32 AM,2015-03-23,07:39:32 AM,False,Sunrise Calendar,Spanish Banks Vancouver BC V6T,False
Sunrise,2015-03-24,07:07:24 AM,2015-03-24,07:37:24 AM,False,Sunrise Calendar,Spanish Banks Vancouver BC V6T,False
Sunrise,2015-03-25,07:05:17 AM,2015-03-25,07:35:17 AM,False,Sunrise Calendar,Spanish Banks Vancouver BC V6T,False
Sunrise,2015-03-26,07:03:09 AM,2015-03-26,07:33:09 AM,False,Sunrise Calendar,Spanish Banks Vancouver BC V6T,False
Sunrise,2015-03-27,07:01:01 AM,2015-03-27,07:31:01 AM,False,Sunrise Calendar,Spanish Banks Vancouver BC V6T,False
Sunrise,2015-03-28,06:58:53 AM,2015-03-28,07:28:53 AM,False,Sunrise Calendar,Spanish Banks Vancouver BC V6T,False
Sunrise,2015-03-29,06:56:46 AM,2015-03-29,07:26:46 AM,False,Sunrise Calendar,Spanish Banks Vancouver BC V6T,False
Sunrise,2015-03-30,06:54:38 AM,2015-03-30,07:24:38 AM,False,Sunrise Calendar,Spanish Banks Vancouver BC V6T,False
Sunrise,2015-03-31,06:52:31 AM,2015-03-31,07:22:31 AM,False,Sunrise Calendar,Spanish Banks Vancouver BC V6T,False
Sunrise,2015-04-01,06:50:25 AM,2015-04-01,07:20:25 AM,False,Sunrise Calendar,Spanish Banks Vancouver BC V6T,False
Sunrise,2015-04-02,06:48:18 AM,2015-04-02,07:18:18 AM,False,Sunrise Calendar,Spanish Banks Vancouver BC V6T,False
Sunrise,2015-04-03,06:46:12 AM,2015-04-03,07:16:12 AM,False,Sunrise Calendar,Spanish Banks Vancouver BC V6T,False
Sunrise,2015-04-04,06:44:06 AM,2015-04-04,07:14:06 AM,False,Sunrise Calendar,Spanish Banks Vancouver BC V6T,False
Sunrise,2015-04-05,06:42:00 AM,2015-04-05,07:12:00 AM,False,Sunrise Calendar,Spanish Banks Vancouver BC V6T,False
Sunrise,2015-04-06,06:39:55 AM,2015-04-06,07:09:55 AM,False,Sunrise Calendar,Spanish Banks Vancouver BC V6T,False
Sunrise,2015-04-07,06:37:50 AM,2015-04-07,07:07:50 AM,False,Sunrise Calendar,Spanish Banks Vancouver BC V6T,False
Sunrise,2015-04-08,06:35:46 AM,2015-04-08,07:05:46 AM,False,Sunrise Calendar,Spanish Banks Vancouver BC V6T,False
Sunrise,2015-04-09,06:33:42 AM,2015-04-09,07:03:42 AM,False,Sunrise Calendar,Spanish Banks Vancouver BC V6T,False
Sunrise,2015-04-10,06:31:38 AM,2015-04-10,07:01:38 AM,False,Sunrise Calendar,Spanish Banks Vancouver BC V6T,False
Sunrise,2015-04-11,06:29:36 AM,2015-04-11,06:59:36 AM,False,Sunrise Calendar,Spanish Banks Vancouver BC V6T,False
Sunrise,2015-04-12,06:27:33 AM,2015-04-12,06:57:33 AM,False,Sunrise Calendar,Spanish Banks Vancouver BC V6T,False
Sunrise,2015-04-13,06:25:32 AM,2015-04-13,06:55:32 AM,False,Sunrise Calendar,Spanish Banks Vancouver BC V6T,False
Sunrise,2015-04-14,06:23:31 AM,2015-04-14,06:53:31 AM,False,Sunrise Calendar,Spanish Banks Vancouver BC V6T,False
Sunrise,2015-04-15,06:21:31 AM,2015-04-15,06:51:31 AM,False,Sunrise Calendar,Spanish Banks Vancouver BC V6T,False
Sunrise,2015-04-16,06:19:31 AM,2015-04-16,06:49:31 AM,False,Sunrise Calendar,Spanish Banks Vancouver BC V6T,False
Sunrise,2015-04-17,06:17:32 AM,2015-04-17,06:47:32 AM,False,Sunrise Calendar,Spanish Banks Vancouver BC V6T,False
Sunrise,2015-04-18,06:15:34 AM,2015-04-18,06:45:34 AM,False,Sunrise Calendar,Spanish Banks Vancouver BC V6T,False
Sunrise,2015-04-19,06:13:37 AM,2015-04-19,06:43:37 AM,False,Sunrise Calendar,Spanish Banks Vancouver BC V6T,False
Sunrise,2015-04-20,06:11:41 AM,2015-04-20,06:41:41 AM,False,Sunrise Calendar,Spanish Banks Vancouver BC V6T,False
Sunrise,2015-04-21,06:09:46 AM,2015-04-21,06:39:46 AM,False,Sunrise Calendar,Spanish Banks Vancouver BC V6T,False
Sunrise,2015-04-22,06:07:51 AM,2015-04-22,06:37:51 AM,False,Sunrise Calendar,Spanish Banks Vancouver BC V6T,False
Sunrise,2015-04-23,06:05:58 AM,2015-04-23,06:35:58 AM,False,Sunrise Calendar,Spanish Banks Vancouver BC V6T,False
Sunrise,2015-04-24,06:04:05 AM,2015-04-24,06:34:05 AM,False,Sunrise Calendar,Spanish Banks Vancouver BC V6T,False
Sunrise,2015-04-25,06:02:14 AM,2015-04-25,06:32:14 AM,False,Sunrise Calendar,Spanish Banks Vancouver BC V6T,False
Sunrise,2015-04-26,06:00:24 AM,2015-04-26,06:30:24 AM,False,Sunrise Calendar,Spanish Banks Vancouver BC V6T,False
Sunrise,2015-04-27,05:58:34 AM,2015-04-27,06:28:34 AM,False,Sunrise Calendar,Spanish Banks Vancouver BC V6T,False
Sunrise,2015-04-28,05:56:46 AM,2015-04-28,06:26:46 AM,False,Sunrise Calendar,Spanish Banks Vancouver BC V6T,False
Sunrise,2015-04-29,05:55:00 AM,2015-04-29,06:25:00 AM,False,Sunrise Calendar,Spanish Banks Vancouver BC V6T,False
Sunrise,2015-04-30,05:53:14 AM,2015-04-30,06:23:14 AM,False,Sunrise Calendar,Spanish Banks Vancouver BC V6T,False
Sunrise,2015-05-01,05:51:30 AM,2015-05-01,06:21:30 AM,False,Sunrise Calendar,Spanish Banks Vancouver BC V6T,False
Sunrise,2015-05-02,05:49:47 AM,2015-05-02,06:19:47 AM,False,Sunrise Calendar,Spanish Banks Vancouver BC V6T,False
Sunrise,2015-05-03,05:48:05 AM,2015-05-03,06:18:05 AM,False,Sunrise Calendar,Spanish Banks Vancouver BC V6T,False
Sunrise,2015-05-04,05:46:25 AM,2015-05-04,06:16:25 AM,False,Sunrise Calendar,Spanish Banks Vancouver BC V6T,False
Sunrise,2015-05-05,05:44:46 AM,2015-05-05,06:14:46 AM,False,Sunrise Calendar,Spanish Banks Vancouver BC V6T,False
Sunrise,2015-05-06,05:43:09 AM,2015-05-06,06:13:09 AM,False,Sunrise Calendar,Spanish Banks Vancouver BC V6T,False
Sunrise,2015-05-07,05:41:33 AM,2015-05-07,06:11:33 AM,False,Sunrise Calendar,Spanish Banks Vancouver BC V6T,False
Sunrise,2015-05-08,05:39:59 AM,2015-05-08,06:09:59 AM,False,Sunrise Calendar,Spanish Banks Vancouver BC V6T,False
Sunrise,2015-05-09,05:38:27 AM,2015-05-09,06:08:27 AM,False,Sunrise Calendar,Spanish Banks Vancouver BC V6T,False
Sunrise,2015-05-10,05:36:56 AM,2015-05-10,06:06:56 AM,False,Sunrise Calendar,Spanish Banks Vancouver BC V6T,False
Sunrise,2015-05-11,05:35:27 AM,2015-05-11,06:05:27 AM,False,Sunrise Calendar,Spanish Banks Vancouver BC V6T,False
Sunrise,2015-05-12,05:34:00 AM,2015-05-12,06:04:00 AM,False,Sunrise Calendar,Spanish Banks Vancouver BC V6T,False
Sunrise,2015-05-13,05:32:34 AM,2015-05-13,06:02:34 AM,False,Sunrise Calendar,Spanish Banks Vancouver BC V6T,False
Sunrise,2015-05-14,05:31:11 AM,2015-05-14,06:01:11 AM,False,Sunrise Calendar,Spanish Banks Vancouver BC V6T,False
Sunrise,2015-05-15,05:29:49 AM,2015-05-15,05:59:49 AM,False,Sunrise Calendar,Spanish Banks Vancouver BC V6T,False
Sunrise,2015-05-16,05:28:29 AM,2015-05-16,05:58:29 AM,False,Sunrise Calendar,Spanish Banks Vancouver BC V6T,False
Sunrise,2015-05-17,05:27:11 AM,2015-05-17,05:57:11 AM,False,Sunrise Calendar,Spanish Banks Vancouver BC V6T,False
Sunrise,2015-05-18,05:25:55 AM,2015-05-18,05:55:55 AM,False,Sunrise Calendar,Spanish Banks Vancouver BC V6T,False
Sunrise,2015-05-19,05:24:41 AM,2015-05-19,05:54:41 AM,False,Sunrise Calendar,Spanish Banks Vancouver BC V6T,False
Sunrise,2015-05-20,05:23:30 AM,2015-05-20,05:53:30 AM,False,Sunrise Calendar,Spanish Banks Vancouver BC V6T,False
Sunrise,2015-05-21,05:22:20 AM,2015-05-21,05:52:20 AM,False,Sunrise Calendar,Spanish Banks Vancouver BC V6T,False
Sunrise,2015-05-22,05:21:13 AM,2015-05-22,05:51:13 AM,False,Sunrise Calendar,Spanish Banks Vancouver BC V6T,False
Sunrise,2015-05-23,05:20:08 AM,2015-05-23,05:50:08 AM,False,Sunrise Calendar,Spanish Banks Vancouver BC V6T,False
Sunrise,2015-05-24,05:19:05 AM,2015-05-24,05:49:05 AM,False,Sunrise Calendar,Spanish Banks Vancouver BC V6T,False
Sunrise,2015-05-25,05:18:05 AM,2015-05-25,05:48:05 AM,False,Sunrise Calendar,Spanish Banks Vancouver BC V6T,False
Sunrise,2015-05-26,05:17:06 AM,2015-05-26,05:47:06 AM,False,Sunrise Calendar,Spanish Banks Vancouver BC V6T,False
Sunrise,2015-05-27,05:16:11 AM,2015-05-27,05:46:11 AM,False,Sunrise Calendar,Spanish Banks Vancouver BC V6T,False
Sunrise,2015-05-28,05:15:17 AM,2015-05-28,05:45:17 AM,False,Sunrise Calendar,Spanish Banks Vancouver BC V6T,False
Sunrise,2015-05-29,05:14:27 AM,2015-05-29,05:44:27 AM,False,Sunrise Calendar,Spanish Banks Vancouver BC V6T,False
Sunrise,2015-05-30,05:13:38 AM,2015-05-30,05:43:38 AM,False,Sunrise Calendar,Spanish Banks Vancouver BC V6T,False
Sunrise,2015-05-31,05:12:52 AM,2015-05-31,05:42:52 AM,False,Sunrise Calendar,Spanish Banks Vancouver BC V6T,False
Sunrise,2015-06-01,05:12:09 AM,2015-06-01,05:42:09 AM,False,Sunrise Calendar,Spanish Banks Vancouver BC V6T,False
Sunrise,2015-06-02,05:11:28 AM,2015-06-02,05:41:28 AM,False,Sunrise Calendar,Spanish Banks Vancouver BC V6T,False
Sunrise,2015-06-03,05:10:50 AM,2015-06-03,05:40:50 AM,False,Sunrise Calendar,Spanish Banks Vancouver BC V6T,False
Sunrise,2015-06-04,05:10:15 AM,2015-06-04,05:40:15 AM,False,Sunrise Calendar,Spanish Banks Vancouver BC V6T,False
Sunrise,2015-06-05,05:09:42 AM,2015-06-05,05:39:42 AM,False,Sunrise Calendar,Spanish Banks Vancouver BC V6T,False
Sunrise,2015-06-06,05:09:12 AM,2015-06-06,05:39:12 AM,False,Sunrise Calendar,Spanish Banks Vancouver BC V6T,False
Sunrise,2015-06-07,05:08:45 AM,2015-06-07,05:38:45 AM,False,Sunrise Calendar,Spanish Banks Vancouver BC V6T,False
Sunrise,2015-06-08,05:08:20 AM,2015-06-08,05:38:20 AM,False,Sunrise Calendar,Spanish Banks Vancouver BC V6T,False
Sunrise,2015-06-09,05:07:58 AM,2015-06-09,05:37:58 AM,False,Sunrise Calendar,Spanish Banks Vancouver BC V6T,False
Sunrise,2015-06-10,05:07:39 AM,2015-06-10,05:37:39 AM,False,Sunrise Calendar,Spanish Banks Vancouver BC V6T,False
Sunrise,2015-06-11,05:07:23 AM,2015-06-11,05:37:23 AM,False,Sunrise Calendar,Spanish Banks Vancouver BC V6T,False
Sunrise,2015-06-12,05:07:09 AM,2015-06-12,05:37:09 AM,False,Sunrise Calendar,Spanish Banks Vancouver BC V6T,False
Sunrise,2015-06-13,05:06:58 AM,2015-06-13,05:36:58 AM,False,Sunrise Calendar,Spanish Banks Vancouver BC V6T,False
Sunrise,2015-06-14,05:06:50 AM,2015-06-14,05:36:50 AM,False,Sunrise Calendar,Spanish Banks Vancouver BC V6T,False
Sunrise,2015-06-15,05:06:45 AM,2015-06-15,05:36:45 AM,False,Sunrise Calendar,Spanish Banks Vancouver BC V6T,False
Sunrise,2015-06-16,05:06:43 AM,2015-06-16,05:36:43 AM,False,Sunrise Calendar,Spanish Banks Vancouver BC V6T,False
Sunrise,2015-06-17,05:06:43 AM,2015-06-17,05:36:43 AM,False,Sunrise Calendar,Spanish Banks Vancouver BC V6T,False
Sunrise,2015-06-18,05:06:46 AM,2015-06-18,05:36:46 AM,False,Sunrise Calendar,Spanish Banks Vancouver BC V6T,False
Sunrise,2015-06-19,05:06:52 AM,2015-06-19,05:36:52 AM,False,Sunrise Calendar,Spanish Banks Vancouver BC V6T,False
Sunrise,2015-06-20,05:07:00 AM,2015-06-20,05:37:00 AM,False,Sunrise Calendar,Spanish Banks Vancouver BC V6T,False
Sunrise,2015-06-21,05:07:11 AM,2015-06-21,05:37:11 AM,False,Sunrise Calendar,Spanish Banks Vancouver BC V6T,False
Sunrise,2015-06-22,05:07:25 AM,2015-06-22,05:37:25 AM,False,Sunrise Calendar,Spanish Banks Vancouver BC V6T,False
Sunrise,2015-06-23,05:07:42 AM,2015-06-23,05:37:42 AM,False,Sunrise Calendar,Spanish Banks Vancouver BC V6T,False
Sunrise,2015-06-24,05:08:01 AM,2015-06-24,05:38:01 AM,False,Sunrise Calendar,Spanish Banks Vancouver BC V6T,False
Sunrise,2015-06-25,05:08:23 AM,2015-06-25,05:38:23 AM,False,Sunrise Calendar,Spanish Banks Vancouver BC V6T,False
Sunrise,2015-06-26,05:08:47 AM,2015-06-26,05:38:47 AM,False,Sunrise Calendar,Spanish Banks Vancouver BC V6T,False
Sunrise,2015-06-27,05:09:14 AM,2015-06-27,05:39:14 AM,False,Sunrise Calendar,Spanish Banks Vancouver BC V6T,False
Sunrise,2015-06-28,05:09:43 AM,2015-06-28,05:39:43 AM,False,Sunrise Calendar,Spanish Banks Vancouver BC V6T,False
Sunrise,2015-06-29,05:10:15 AM,2015-06-29,05:40:15 AM,False,Sunrise Calendar,Spanish Banks Vancouver BC V6T,False
Sunrise,2015-06-30,05:10:49 AM,2015-06-30,05:40:49 AM,False,Sunrise Calendar,Spanish Banks Vancouver BC V6T,False
Sunrise,2015-07-01,05:11:26 AM,2015-07-01,05:41:26 AM,False,Sunrise Calendar,Spanish Banks Vancouver BC V6T,False
Sunrise,2015-07-02,05:12:05 AM,2015-07-02,05:42:05 AM,False,Sunrise Calendar,Spanish Banks Vancouver BC V6T,False
Sunrise,2015-07-03,05:12:46 AM,2015-07-03,05:42:46 AM,False,Sunrise Calendar,Spanish Banks Vancouver BC V6T,False
Sunrise,2015-07-04,05:13:29 AM,2015-07-04,05:43:29 AM,False,Sunrise Calendar,Spanish Banks Vancouver BC V6T,False
Sunrise,2015-07-05,05:14:14 AM,2015-07-05,05:44:14 AM,False,Sunrise Calendar,Spanish Banks Vancouver BC V6T,False
Sunrise,2015-07-06,05:15:02 AM,2015-07-06,05:45:02 AM,False,Sunrise Calendar,Spanish Banks Vancouver BC V6T,False
Sunrise,2015-07-07,05:15:52 AM,2015-07-07,05:45:52 AM,False,Sunrise Calendar,Spanish Banks Vancouver BC V6T,False
Sunrise,2015-07-08,05:16:43 AM,2015-07-08,05:46:43 AM,False,Sunrise Calendar,Spanish Banks Vancouver BC V6T,False
Sunrise,2015-07-09,05:17:37 AM,2015-07-09,05:47:37 AM,False,Sunrise Calendar,Spanish Banks Vancouver BC V6T,False
Sunrise,2015-07-10,05:18:32 AM,2015-07-10,05:48:32 AM,False,Sunrise Calendar,Spanish Banks Vancouver BC V6T,False
Sunrise,2015-07-11,05:19:29 AM,2015-07-11,05:49:29 AM,False,Sunrise Calendar,Spanish Banks Vancouver BC V6T,False
Sunrise,2015-07-12,05:20:28 AM,2015-07-12,05:50:28 AM,False,Sunrise Calendar,Spanish Banks Vancouver BC V6T,False
Sunrise,2015-07-13,05:21:29 AM,2015-07-13,05:51:29 AM,False,Sunrise Calendar,Spanish Banks Vancouver BC V6T,False
Sunrise,2015-07-14,05:22:31 AM,2015-07-14,05:52:31 AM,False,Sunrise Calendar,Spanish Banks Vancouver BC V6T,False
Sunrise,2015-07-15,05:23:35 AM,2015-07-15,05:53:35 AM,False,Sunrise Calendar,Spanish Banks Vancouver BC V6T,False
Sunrise,2015-07-16,05:24:40 AM,2015-07-16,05:54:40 AM,False,Sunrise Calendar,Spanish Banks Vancouver BC V6T,False
Sunrise,2015-07-17,05:25:46 AM,2015-07-17,05:55:46 AM,False,Sunrise Calendar,Spanish Banks Vancouver BC V6T,False
Sunrise,2015-07-18,05:26:55 AM,2015-07-18,05:56:55 AM,False,Sunrise Calendar,Spanish Banks Vancouver BC V6T,False
Sunrise,2015-07-19,05:28:04 AM,2015-07-19,05:58:04 AM,False,Sunrise Calendar,Spanish Banks Vancouver BC V6T,False
Sunrise,2015-07-20,05:29:15 AM,2015-07-20,05:59:15 AM,False,Sunrise Calendar,Spanish Banks Vancouver BC V6T,False
Sunrise,2015-07-21,05:30:26 AM,2015-07-21,06:00:26 AM,False,Sunrise Calendar,Spanish Banks Vancouver BC V6T,False
Sunrise,2015-07-22,05:31:39 AM,2015-07-22,06:01:39 AM,False,Sunrise Calendar,Spanish Banks Vancouver BC V6T,False
Sunrise,2015-07-23,05:32:53 AM,2015-07-23,06:02:53 AM,False,Sunrise Calendar,Spanish Banks Vancouver BC V6T,False
Sunrise,2015-07-24,05:34:08 AM,2015-07-24,06:04:08 AM,False,Sunrise Calendar,Spanish Banks Vancouver BC V6T,False
Sunrise,2015-07-25,05:35:24 AM,2015-07-25,06:05:24 AM,False,Sunrise Calendar,Spanish Banks Vancouver BC V6T,False
Sunrise,2015-07-26,05:36:41 AM,2015-07-26,06:06:41 AM,False,Sunrise Calendar,Spanish Banks Vancouver BC V6T,False
Sunrise,2015-07-27,05:37:59 AM,2015-07-27,06:07:59 AM,False,Sunrise Calendar,Spanish Banks Vancouver BC V6T,False
Sunrise,2015-07-28,05:39:18 AM,2015-07-28,06:09:18 AM,False,Sunrise Calendar,Spanish Banks Vancouver BC V6T,False
Sunrise,2015-07-29,05:40:37 AM,2015-07-29,06:10:37 AM,False,Sunrise Calendar,Spanish Banks Vancouver BC V6T,False
Sunrise,2015-07-30,05:41:57 AM,2015-07-30,06:11:57 AM,False,Sunrise Calendar,Spanish Banks Vancouver BC V6T,False
Sunrise,2015-07-31,05:43:18 AM,2015-07-31,06:13:18 AM,False,Sunrise Calendar,Spanish Banks Vancouver BC V6T,False
Sunrise,2015-08-01,05:44:39 AM,2015-08-01,06:14:39 AM,False,Sunrise Calendar,Spanish Banks Vancouver BC V6T,False
Sunrise,2015-08-02,05:46:01 AM,2015-08-02,06:16:01 AM,False,Sunrise Calendar,Spanish Banks Vancouver BC V6T,False
Sunrise,2015-08-03,05:47:23 AM,2015-08-03,06:17:23 AM,False,Sunrise Calendar,Spanish Banks Vancouver BC V6T,False
Sunrise,2015-08-04,05:48:46 AM,2015-08-04,06:18:46 AM,False,Sunrise Calendar,Spanish Banks Vancouver BC V6T,False
Sunrise,2015-08-05,05:50:10 AM,2015-08-05,06:20:10 AM,False,Sunrise Calendar,Spanish Banks Vancouver BC V6T,False
Sunrise,2015-08-06,05:51:33 AM,2015-08-06,06:21:33 AM,False,Sunrise Calendar,Spanish Banks Vancouver BC V6T,False
Sunrise,2015-08-07,05:52:57 AM,2015-08-07,06:22:57 AM,False,Sunrise Calendar,Spanish Banks Vancouver BC V6T,False
Sunrise,2015-08-08,05:54:22 AM,2015-08-08,06:24:22 AM,False,Sunrise Calendar,Spanish Banks Vancouver BC V6T,False
Sunrise,2015-08-09,05:55:47 AM,2015-08-09,06:25:47 AM,False,Sunrise Calendar,Spanish Banks Vancouver BC V6T,False
Sunrise,2015-08-10,05:57:12 AM,2015-08-10,06:27:12 AM,False,Sunrise Calendar,Spanish Banks Vancouver BC V6T,False
Sunrise,2015-08-11,05:58:37 AM,2015-08-11,06:28:37 AM,False,Sunrise Calendar,Spanish Banks Vancouver BC V6T,False
Sunrise,2015-08-12,06:00:03 AM,2015-08-12,06:30:03 AM,False,Sunrise Calendar,Spanish Banks Vancouver BC V6T,False
Sunrise,2015-08-13,06:01:28 AM,2015-08-13,06:31:28 AM,False,Sunrise Calendar,Spanish Banks Vancouver BC V6T,False
Sunrise,2015-08-14,06:02:54 AM,2015-08-14,06:32:54 AM,False,Sunrise Calendar,Spanish Banks Vancouver BC V6T,False
Sunrise,2015-08-15,06:04:20 AM,2015-08-15,06:34:20 AM,False,Sunrise Calendar,Spanish Banks Vancouver BC V6T,False
Sunrise,2015-08-16,06:05:47 AM,2015-08-16,06:35:47 AM,False,Sunrise Calendar,Spanish Banks Vancouver BC V6T,False
Sunrise,2015-08-17,06:07:13 AM,2015-08-17,06:37:13 AM,False,Sunrise Calendar,Spanish Banks Vancouver BC V6T,False
Sunrise,2015-08-18,06:08:39 AM,2015-08-18,06:38:39 AM,False,Sunrise Calendar,Spanish Banks Vancouver BC V6T,False
Sunrise,2015-08-19,06:10:06 AM,2015-08-19,06:40:06 AM,False,Sunrise Calendar,Spanish Banks Vancouver BC V6T,False
Sunrise,2015-08-20,06:11:32 AM,2015-08-20,06:41:32 AM,False,Sunrise Calendar,Spanish Banks Vancouver BC V6T,False
Sunrise,2015-08-21,06:12:59 AM,2015-08-21,06:42:59 AM,False,Sunrise Calendar,Spanish Banks Vancouver BC V6T,False
Sunrise,2015-08-22,06:14:25 AM,2015-08-22,06:44:25 AM,False,Sunrise Calendar,Spanish Banks Vancouver BC V6T,False
Sunrise,2015-08-23,06:15:52 AM,2015-08-23,06:45:52 AM,False,Sunrise Calendar,Spanish Banks Vancouver BC V6T,False
Sunrise,2015-08-24,06:17:19 AM,2015-08-24,06:47:19 AM,False,Sunrise Calendar,Spanish Banks Vancouver BC V6T,False
Sunrise,2015-08-25,06:18:45 AM,2015-08-25,06:48:45 AM,False,Sunrise Calendar,Spanish Banks Vancouver BC V6T,False
Sunrise,2015-08-26,06:20:12 AM,2015-08-26,06:50:12 AM,False,Sunrise Calendar,Spanish Banks Vancouver BC V6T,False
Sunrise,2015-08-27,06:21:39 AM,2015-08-27,06:51:39 AM,False,Sunrise Calendar,Spanish Banks Vancouver BC V6T,False
Sunrise,2015-08-28,06:23:05 AM,2015-08-28,06:53:05 AM,False,Sunrise Calendar,Spanish Banks Vancouver BC V6T,False
Sunrise,2015-08-29,06:24:32 AM,2015-08-29,06:54:32 AM,False,Sunrise Calendar,Spanish Banks Vancouver BC V6T,False
Sunrise,2015-08-30,06:25:59 AM,2015-08-30,06:55:59 AM,False,Sunrise Calendar,Spanish Banks Vancouver BC V6T,False
Sunrise,2015-08-31,06:27:25 AM,2015-08-31,06:57:25 AM,False,Sunrise Calendar,Spanish Banks Vancouver BC V6T,False
Sunrise,2015-09-01,06:28:52 AM,2015-09-01,06:58:52 AM,False,Sunrise Calendar,Spanish Banks Vancouver BC V6T,False
Sunrise,2015-09-02,06:30:18 AM,2015-09-02,07:00:18 AM,False,Sunrise Calendar,Spanish Banks Vancouver BC V6T,False
Sunrise,2015-09-03,06:31:45 AM,2015-09-03,07:01:45 AM,False,Sunrise Calendar,Spanish Banks Vancouver BC V6T,False
Sunrise,2015-09-04,06:33:12 AM,2015-09-04,07:03:12 AM,False,Sunrise Calendar,Spanish Banks Vancouver BC V6T,False
Sunrise,2015-09-05,06:34:38 AM,2015-09-05,07:04:38 AM,False,Sunrise Calendar,Spanish Banks Vancouver BC V6T,False
Sunrise,2015-09-06,06:36:05 AM,2015-09-06,07:06:05 AM,False,Sunrise Calendar,Spanish Banks Vancouver BC V6T,False
Sunrise,2015-09-07,06:37:31 AM,2015-09-07,07:07:31 AM,False,Sunrise Calendar,Spanish Banks Vancouver BC V6T,False
Sunrise,2015-09-08,06:38:58 AM,2015-09-08,07:08:58 AM,False,Sunrise Calendar,Spanish Banks Vancouver BC V6T,False
Sunrise,2015-09-09,06:40:24 AM,2015-09-09,07:10:24 AM,False,Sunrise Calendar,Spanish Banks Vancouver BC V6T,False
Sunrise,2015-09-10,06:41:51 AM,2015-09-10,07:11:51 AM,False,Sunrise Calendar,Spanish Banks Vancouver BC V6T,False
Sunrise,2015-09-11,06:43:17 AM,2015-09-11,07:13:17 AM,False,Sunrise Calendar,Spanish Banks Vancouver BC V6T,False
Sunrise,2015-09-12,06:44:44 AM,2015-09-12,07:14:44 AM,False,Sunrise Calendar,Spanish Banks Vancouver BC V6T,False
Sunrise,2015-09-13,06:46:10 AM,2015-09-13,07:16:10 AM,False,Sunrise Calendar,Spanish Banks Vancouver BC V6T,False
Sunrise,2015-09-14,06:47:37 AM,2015-09-14,07:17:37 AM,False,Sunrise Calendar,Spanish Banks Vancouver BC V6T,False
Sunrise,2015-09-15,06:49:04 AM,2015-09-15,07:19:04 AM,False,Sunrise Calendar,Spanish Banks Vancouver BC V6T,False
Sunrise,2015-09-16,06:50:31 AM,2015-09-16,07:20:31 AM,False,Sunrise Calendar,Spanish Banks Vancouver BC V6T,False
Sunrise,2015-09-17,06:51:57 AM,2015-09-17,07:21:57 AM,False,Sunrise Calendar,Spanish Banks Vancouver BC V6T,False
Sunrise,2015-09-18,06:53:24 AM,2015-09-18,07:23:24 AM,False,Sunrise Calendar,Spanish Banks Vancouver BC V6T,False
Sunrise,2015-09-19,06:54:51 AM,2015-09-19,07:24:51 AM,False,Sunrise Calendar,Spanish Banks Vancouver BC V6T,False
Sunrise,2015-09-20,06:56:18 AM,2015-09-20,07:26:18 AM,False,Sunrise Calendar,Spanish Banks Vancouver BC V6T,False
Sunrise,2015-09-21,06:57:46 AM,2015-09-21,07:27:46 AM,False,Sunrise Calendar,Spanish Banks Vancouver BC V6T,False
Sunrise,2015-09-22,06:59:13 AM,2015-09-22,07:29:13 AM,False,Sunrise Calendar,Spanish Banks Vancouver BC V6T,False
Sunrise,2015-09-23,07:00:41 AM,2015-09-23,07:30:41 AM,False,Sunrise Calendar,Spanish Banks Vancouver BC V6T,False
Sunrise,2015-09-24,07:02:08 AM,2015-09-24,07:32:08 AM,False,Sunrise Calendar,Spanish Banks Vancouver BC V6T,False
Sunrise,2015-09-25,07:03:36 AM,2015-09-25,07:33:36 AM,False,Sunrise Calendar,Spanish Banks Vancouver BC V6T,False
Sunrise,2015-09-26,07:05:04 AM,2015-09-26,07:35:04 AM,False,Sunrise Calendar,Spanish Banks Vancouver BC V6T,False
Sunrise,2015-09-27,07:06:32 AM,2015-09-27,07:36:32 AM,False,Sunrise Calendar,Spanish Banks Vancouver BC V6T,False
Sunrise,2015-09-28,07:08:00 AM,2015-09-28,07:38:00 AM,False,Sunrise Calendar,Spanish Banks Vancouver BC V6T,False
Sunrise,2015-09-29,07:09:29 AM,2015-09-29,07:39:29 AM,False,Sunrise Calendar,Spanish Banks Vancouver BC V6T,False
Sunrise,2015-09-30,07:10:57 AM,2015-09-30,07:40:57 AM,False,Sunrise Calendar,Spanish Banks Vancouver BC V6T,False
Sunrise,2015-10-01,07:12:26 AM,2015-10-01,07:42:26 AM,False,Sunrise Calendar,Spanish Banks Vancouver BC V6T,False
Sunrise,2015-10-02,07:13:55 AM,2015-10-02,07:43:55 AM,False,Sunrise Calendar,Spanish Banks Vancouver BC V6T,False
Sunrise,2015-10-03,07:15:25 AM,2015-10-03,07:45:25 AM,False,Sunrise Calendar,Spanish Banks Vancouver BC V6T,False
Sunrise,2015-10-04,07:16:54 AM,2015-10-04,07:46:54 AM,False,Sunrise Calendar,Spanish Banks Vancouver BC V6T,False
Sunrise,2015-10-05,07:18:24 AM,2015-10-05,07:48:24 AM,False,Sunrise Calendar,Spanish Banks Vancouver BC V6T,False
Sunrise,2015-10-06,07:19:54 AM,2015-10-06,07:49:54 AM,False,Sunrise Calendar,Spanish Banks Vancouver BC V6T,False
Sunrise,2015-10-07,07:21:25 AM,2015-10-07,07:51:25 AM,False,Sunrise Calendar,Spanish Banks Vancouver BC V6T,False
Sunrise,2015-10-08,07:22:55 AM,2015-10-08,07:52:55 AM,False,Sunrise Calendar,Spanish Banks Vancouver BC V6T,False
Sunrise,2015-10-09,07:24:26 AM,2015-10-09,07:54:26 AM,False,Sunrise Calendar,Spanish Banks Vancouver BC V6T,False
Sunrise,2015-10-10,07:25:58 AM,2015-10-10,07:55:58 AM,False,Sunrise Calendar,Spanish Banks Vancouver BC V6T,False
Sunrise,2015-10-11,07:27:29 AM,2015-10-11,07:57:29 AM,False,Sunrise Calendar,Spanish Banks Vancouver BC V6T,False
Sunrise,2015-10-12,07:29:01 AM,2015-10-12,07:59:01 AM,False,Sunrise Calendar,Spanish Banks Vancouver BC V6T,False
Sunrise,2015-10-13,07:30:33 AM,2015-10-13,08:00:33 AM,False,Sunrise Calendar,Spanish Banks Vancouver BC V6T,False
Sunrise,2015-10-14,07:32:05 AM,2015-10-14,08:02:05 AM,False,Sunrise Calendar,Spanish Banks Vancouver BC V6T,False
Sunrise,2015-10-15,07:33:38 AM,2015-10-15,08:03:38 AM,False,Sunrise Calendar,Spanish Banks Vancouver BC V6T,False
Sunrise,2015-10-16,07:35:11 AM,2015-10-16,08:05:11 AM,False,Sunrise Calendar,Spanish Banks Vancouver BC V6T,False
Sunrise,2015-10-17,07:36:44 AM,2015-10-17,08:06:44 AM,False,Sunrise Calendar,Spanish Banks Vancouver BC V6T,False
Sunrise,2015-10-18,07:38:18 AM,2015-10-18,08:08:18 AM,False,Sunrise Calendar,Spanish Banks Vancouver BC V6T,False
Sunrise,2015-10-19,07:39:52 AM,2015-10-19,08:09:52 AM,False,Sunrise Calendar,Spanish Banks Vancouver BC V6T,False
Sunrise,2015-10-20,07:41:26 AM,2015-10-20,08:11:26 AM,False,Sunrise Calendar,Spanish Banks Vancouver BC V6T,False
Sunrise,2015-10-21,07:43:01 AM,2015-10-21,08:13:01 AM,False,Sunrise Calendar,Spanish Banks Vancouver BC V6T,False
Sunrise,2015-10-22,07:44:35 AM,2015-10-22,08:14:35 AM,False,Sunrise Calendar,Spanish Banks Vancouver BC V6T,False
Sunrise,2015-10-23,07:46:11 AM,2015-10-23,08:16:11 AM,False,Sunrise Calendar,Spanish Banks Vancouver BC V6T,False
Sunrise,2015-10-24,07:47:46 AM,2015-10-24,08:17:46 AM,False,Sunrise Calendar,Spanish Banks Vancouver BC V6T,False
Sunrise,2015-10-25,07:49:21 AM,2015-10-25,08:19:21 AM,False,Sunrise Calendar,Spanish Banks Vancouver BC V6T,False
Sunrise,2015-10-26,07:50:57 AM,2015-10-26,08:20:57 AM,False,Sunrise Calendar,Spanish Banks Vancouver BC V6T,False
Sunrise,2015-10-27,07:52:33 AM,2015-10-27,08:22:33 AM,False,Sunrise Calendar,Spanish Banks Vancouver BC V6T,False
Sunrise,2015-10-28,07:54:10 AM,2015-10-28,08:24:10 AM,False,Sunrise Calendar,Spanish Banks Vancouver BC V6T,False
Sunrise,2015-10-29,07:55:46 AM,2015-10-29,08:25:46 AM,False,Sunrise Calendar,Spanish Banks Vancouver BC V6T,False
Sunrise,2015-10-30,07:57:23 AM,2015-10-30,08:27:23 AM,False,Sunrise Calendar,Spanish Banks Vancouver BC V6T,False
Sunrise,2015-10-31,07:58:59 AM,2015-10-31,08:28:59 AM,False,Sunrise Calendar,Spanish Banks Vancouver BC V6T,False
Sunrise,2015-11-01,07:00:36 AM,2015-11-01,07:30:36 AM,False,Sunrise Calendar,Spanish Banks Vancouver BC V6T,False
Sunrise,2015-11-02,07:02:13 AM,2015-11-02,07:32:13 AM,False,Sunrise Calendar,Spanish Banks Vancouver BC V6T,False
Sunrise,2015-11-03,07:03:50 AM,2015-11-03,07:33:50 AM,False,Sunrise Calendar,Spanish Banks Vancouver BC V6T,False
Sunrise,2015-11-04,07:05:27 AM,2015-11-04,07:35:27 AM,False,Sunrise Calendar,Spanish Banks Vancouver BC V6T,False
Sunrise,2015-11-05,07:07:04 AM,2015-11-05,07:37:04 AM,False,Sunrise Calendar,Spanish Banks Vancouver BC V6T,False
Sunrise,2015-11-06,07:08:41 AM,2015-11-06,07:38:41 AM,False,Sunrise Calendar,Spanish Banks Vancouver BC V6T,False
Sunrise,2015-11-07,07:10:18 AM,2015-11-07,07:40:18 AM,False,Sunrise Calendar,Spanish Banks Vancouver BC V6T,False
Sunrise,2015-11-08,07:11:55 AM,2015-11-08,07:41:55 AM,False,Sunrise Calendar,Spanish Banks Vancouver BC V6T,False
Sunrise,2015-11-09,07:13:32 AM,2015-11-09,07:43:32 AM,False,Sunrise Calendar,Spanish Banks Vancouver BC V6T,False
Sunrise,2015-11-10,07:15:09 AM,2015-11-10,07:45:09 AM,False,Sunrise Calendar,Spanish Banks Vancouver BC V6T,False
Sunrise,2015-11-11,07:16:45 AM,2015-11-11,07:46:45 AM,False,Sunrise Calendar,Spanish Banks Vancouver BC V6T,False
Sunrise,2015-11-12,07:18:21 AM,2015-11-12,07:48:21 AM,False,Sunrise Calendar,Spanish Banks Vancouver BC V6T,False
Sunrise,2015-11-13,07:19:57 AM,2015-11-13,07:49:57 AM,False,Sunrise Calendar,Spanish Banks Vancouver BC V6T,False
Sunrise,2015-11-14,07:21:32 AM,2015-11-14,07:51:32 AM,False,Sunrise Calendar,Spanish Banks Vancouver BC V6T,False
Sunrise,2015-11-15,07:23:07 AM,2015-11-15,07:53:07 AM,False,Sunrise Calendar,Spanish Banks Vancouver BC V6T,False
Sunrise,2015-11-16,07:24:41 AM,2015-11-16,07:54:41 AM,False,Sunrise Calendar,Spanish Banks Vancouver BC V6T,False
Sunrise,2015-11-17,07:26:15 AM,2015-11-17,07:56:15 AM,False,Sunrise Calendar,Spanish Banks Vancouver BC V6T,False
Sunrise,2015-11-18,07:27:48 AM,2015-11-18,07:57:48 AM,False,Sunrise Calendar,Spanish Banks Vancouver BC V6T,False
Sunrise,2015-11-19,07:29:20 AM,2015-11-19,07:59:20 AM,False,Sunrise Calendar,Spanish Banks Vancouver BC V6T,False
Sunrise,2015-11-20,07:30:52 AM,2015-11-20,08:00:52 AM,False,Sunrise Calendar,Spanish Banks Vancouver BC V6T,False
Sunrise,2015-11-21,07:32:23 AM,2015-11-21,08:02:23 AM,False,Sunrise Calendar,Spanish Banks Vancouver BC V6T,False
Sunrise,2015-11-22,07:33:53 AM,2015-11-22,08:03:53 AM,False,Sunrise Calendar,Spanish Banks Vancouver BC V6T,False
Sunrise,2015-11-23,07:35:22 AM,2015-11-23,08:05:22 AM,False,Sunrise Calendar,Spanish Banks Vancouver BC V6T,False
Sunrise,2015-11-24,07:36:50 AM,2015-11-24,08:06:50 AM,False,Sunrise Calendar,Spanish Banks Vancouver BC V6T,False
Sunrise,2015-11-25,07:38:17 AM,2015-11-25,08:08:17 AM,False,Sunrise Calendar,Spanish Banks Vancouver BC V6T,False
Sunrise,2015-11-26,07:39:43 AM,2015-11-26,08:09:43 AM,False,Sunrise Calendar,Spanish Banks Vancouver BC V6T,False
Sunrise,2015-11-27,07:41:07 AM,2015-11-27,08:11:07 AM,False,Sunrise Calendar,Spanish Banks Vancouver BC V6T,False
Sunrise,2015-11-28,07:42:30 AM,2015-11-28,08:12:30 AM,False,Sunrise Calendar,Spanish Banks Vancouver BC V6T,False
Sunrise,2015-11-29,07:43:52 AM,2015-11-29,08:13:52 AM,False,Sunrise Calendar,Spanish Banks Vancouver BC V6T,False
Sunrise,2015-11-30,07:45:12 AM,2015-11-30,08:15:12 AM,False,Sunrise Calendar,Spanish Banks Vancouver BC V6T,False
Sunrise,2015-12-01,07:46:31 AM,2015-12-01,08:16:31 AM,False,Sunrise Calendar,Spanish Banks Vancouver BC V6T,False
Sunrise,2015-12-02,07:47:48 AM,2015-12-02,08:17:48 AM,False,Sunrise Calendar,Spanish Banks Vancouver BC V6T,False
Sunrise,2015-12-03,07:49:04 AM,2015-12-03,08:19:04 AM,False,Sunrise Calendar,Spanish Banks Vancouver BC V6T,False
Sunrise,2015-12-04,07:50:17 AM,2015-12-04,08:20:17 AM,False,Sunrise Calendar,Spanish Banks Vancouver BC V6T,False
Sunrise,2015-12-05,07:51:29 AM,2015-12-05,08:21:29 AM,False,Sunrise Calendar,Spanish Banks Vancouver BC V6T,False
Sunrise,2015-12-06,07:52:39 AM,2015-12-06,08:22:39 AM,False,Sunrise Calendar,Spanish Banks Vancouver BC V6T,False
Sunrise,2015-12-07,07:53:47 AM,2015-12-07,08:23:47 AM,False,Sunrise Calendar,Spanish Banks Vancouver BC V6T,False
Sunrise,2015-12-08,07:54:52 AM,2015-12-08,08:24:52 AM,False,Sunrise Calendar,Spanish Banks Vancouver BC V6T,False
Sunrise,2015-12-09,07:55:56 AM,2015-12-09,08:25:56 AM,False,Sunrise Calendar,Spanish Banks Vancouver BC V6T,False
Sunrise,2015-12-10,07:56:57 AM,2015-12-10,08:26:57 AM,False,Sunrise Calendar,Spanish Banks Vancouver BC V6T,False
Sunrise,2015-12-11,07:57:56 AM,2015-12-11,08:27:56 AM,False,Sunrise Calendar,Spanish Banks Vancouver BC V6T,False
Sunrise,2015-12-12,07:58:53 AM,2015-12-12,08:28:53 AM,False,Sunrise Calendar,Spanish Banks Vancouver BC V6T,False
Sunrise,2015-12-13,07:59:47 AM,2015-12-13,08:29:47 AM,False,Sunrise Calendar,Spanish Banks Vancouver BC V6T,False
Sunrise,2015-12-14,08:00:39 AM,2015-12-14,08:30:39 AM,False,Sunrise Calendar,Spanish Banks Vancouver BC V6T,False
Sunrise,2015-12-15,08:01:28 AM,2015-12-15,08:31:28 AM,False,Sunrise Calendar,Spanish Banks Vancouver BC V6T,False
Sunrise,2015-12-16,08:02:14 AM,2015-12-16,08:32:14 AM,False,Sunrise Calendar,Spanish Banks Vancouver BC V6T,False
Sunrise,2015-12-17,08:02:58 AM,2015-12-17,08:32:58 AM,False,Sunrise Calendar,Spanish Banks Vancouver BC V6T,False
Sunrise,2015-12-18,08:03:39 AM,2015-12-18,08:33:39 AM,False,Sunrise Calendar,Spanish Banks Vancouver BC V6T,False
Sunrise,2015-12-19,08:04:18 AM,2015-12-19,08:34:18 AM,False,Sunrise Calendar,Spanish Banks Vancouver BC V6T,False
Sunrise,2015-12-20,08:04:53 AM,2015-12-20,08:34:53 AM,False,Sunrise Calendar,Spanish Banks Vancouver BC V6T,False
Sunrise,2015-12-21,08:05:26 AM,2015-12-21,08:35:26 AM,False,Sunrise Calendar,Spanish Banks Vancouver BC V6T,False
Sunrise,2015-12-22,08:05:56 AM,2015-12-22,08:35:56 AM,False,Sunrise Calendar,Spanish Banks Vancouver BC V6T,False
Sunrise,2015-12-23,08:06:23 AM,2015-12-23,08:36:23 AM,False,Sunrise Calendar,Spanish Banks Vancouver BC V6T,False
Sunrise,2015-12-24,08:06:47 AM,2015-12-24,08:36:47 AM,False,Sunrise Calendar,Spanish Banks Vancouver BC V6T,False
Sunrise,2015-12-25,08:07:08 AM,2015-12-25,08:37:08 AM,False,Sunrise Calendar,Spanish Banks Vancouver BC V6T,False
Sunrise,2015-12-26,08:07:26 AM,2015-12-26,08:37:26 AM,False,Sunrise Calendar,Spanish Banks Vancouver BC V6T,False
Sunrise,2015-12-27,08:07:41 AM,2015-12-27,08:37:41 AM,False,Sunrise Calendar,Spanish Banks Vancouver BC V6T,False
Sunrise,2015-12-28,08:07:53 AM,2015-12-28,08:37:53 AM,False,Sunrise Calendar,Spanish Banks Vancouver BC V6T,False
Sunrise,2015-12-29,08:08:02 AM,2015-12-29,08:38:02 AM,False,Sunrise Calendar,Spanish Banks Vancouver BC V6T,False
Sunrise,2015-12-30,08:08:07 AM,2015-12-30,08:38:07 AM,False,Sunrise Calendar,Spanish Banks Vancouver BC V6T,False
Sunrise,2015-12-31,08:08:10 AM,2015-12-31,08:38:10 AM,False,Sunrise Calendar,Spanish Banks Vancouver BC V6T,False
